application_id,mobile_no
100000,+91 8263254044
100001,+91 1270947362
100002,+91 3403768766
100003,+91 3342905831
100004,+91 4802310539
100005,+91 1135654584
100006,+91 4069579105
100007,+91 1113441785
100008,+91 9875130213
100009,+91 2088420229
100010,+91 2156009819
100011,+91 3332658835
100012,+91 9954705514
100013,+91 0844318595
100014,+91 3409868871
100015,+91 7036659235
100016,+91 5043412641
100017,+91 6086615663
100018,+91 0751370967
100019,+91 0165681734
100020,+91 3930373891
100021,+91 0355824791
100022,+91 1559803756
100023,+91 4895674435
100024,+91 0165083034
100025,+91 4702491982
100026,+91 4457917141
100027,+91 0225653444
100028,+91 6125263098
100029,+91 5808213515
100030,+91 9919811340
100031,+91 1635765709
100032,+91 0853045620
100033,+91 4191016950
100034,+91 6062804203
100035,+91 3205247125
100036,+91 6219722598
100037,+91 7674073898
100038,+91 2664294243
100039,+91 2989123390
100040,+91 2463980223
100041,+91 4241180455
100042,+91 2194436981
100043,+91 7942464228
100044,+91 9696084227
100045,+91 7312490190
100046,+91 3489471634
100047,+91 8395529460
100048,+91 7476004319
100049,+91 1355816065
100050,+91 3679930753
100051,+91 6207881307
100052,+91 3377760309
100053,+91 1346327199
100054,+91 3027422432
100055,+91 6042683268
100056,+91 3565360171
100057,+91 5083053571
100058,+91 9013065219
100059,+91 8594388096
100060,+91 9010172758
100061,+91 7625573302
100062,+91 7196213363
100063,+91 8916044553
100064,+91 1334816833
100065,+91 5394190469
100066,+91 6283106911
100067,+91 1257230152
100068,+91 8560260840
100069,+91 7568241975
100070,+91 9867037827
100071,+91 1531045637
100072,+91 2777341424
100073,+91 3910539910
100074,+91 0403670570
100075,+91 0026373826
100076,+91 8794216661
100077,+91 0224092795
100078,+91 1282148920
100079,+91 1171741771
100080,+91 5167480832
100081,+91 6299838392
100082,+91 9436312615
100083,+91 2134363312
100084,+91 9777939428
100085,+91 8814132970
100086,+91 5322265710
100087,+91 0267212481
100088,+91 2206283693
100089,+91 2154649905
100090,+91 2905721636
100091,+91 8216996140
100092,+91 6212260581
100093,+91 2800902886
100094,+91 3777629134
100095,+91 4006635915
100096,+91 5368825695
100097,+91 5007934596
100098,+91 4009132470
100099,+91 5737223639
