application_id|officer_id|date|time
100000|1000|2021/04/24|12:00
100001|1001|2020/07/10|14:00
100002|1002|2021/08/31|16:00
100003|1003|2020/08/22|10:00
100004|1004|2019/11/29|12:00
100005|1005|2020/04/13|16:00
100006|1006|2021/08/19|16:00
100007|1007|2021/01/06|12:00
100008|1008|2021/09/17|14:00
100009|1009|2020/01/27|12:00
100010|1000|2019/12/23|16:00
100011|1001|2020/09/18|08:00
100012|1002|2021/02/04|15:00
100013|1003|2020/10/02|14:00
100014|1004|2021/07/22|12:00
100015|1005|2021/05/24|14:00
100016|1006|2020/11/21|16:00
100017|1007|2020/04/08|16:00
100018|1008|2020/08/22|10:00
100019|1009|2020/07/27|12:00
100020|1000|2020/01/06|12:00
100021|1001|2020/07/11|10:00
100022|1002|2020/01/17|12:00
100023|1003|2020/07/29|10:00
100024|1004|2021/10/11|16:00
100025|1005|2020/07/19|15:00
100026|1006|2021/03/06|10:00
100027|1007|2020/03/02|16:00
100028|1008|2021/01/09|12:00
100029|1009|2020/08/27|12:00
100030|1000|2020/08/13|14:00
100031|1001|2020/02/25|16:00
100032|1002|2020/12/08|12:00
100033|1003|2020/09/20|12:00
100034|1004|2019/11/27|12:00
100035|1005|2020/07/31|10:00
100036|1006|2020/05/12|12:00
100037|1007|2020/09/10|16:00
100038|1008|2021/03/28|12:00
100039|1009|2020/10/12|10:00
100040|1000|2020/06/02|10:00
100041|1001|2021/02/14|10:00
100042|1002|2021/02/11|15:00
100043|1003|2021/07/18|16:00
100044|1004|2020/08/01|16:00
100045|1005|2020/09/01|16:00
100046|1006|2020/04/08|12:00
100047|1007|2021/09/03|10:00
100048|1008|2021/05/01|15:00
100049|1009|2020/07/14|10:00
100050|1000|2020/11/29|12:00
100051|1001|2019/11/30|15:00
100052|1002|2021/03/22|16:00
100053|1003|2021/05/03|12:00
100054|1004|2020/04/24|16:00
100055|1005|2020/08/21|16:00
100056|1006|2021/07/09|15:00
100057|1007|2020/12/25|10:00
100058|1008|2020/03/05|16:00
100059|1009|2020/03/02|12:00
100060|1000|2020/02/21|12:00
100061|1001|2021/03/12|16:00
100062|1002|2020/01/11|14:00
100063|1003|2020/11/20|16:00
100064|1004|2021/03/05|10:00
100065|1005|2020/11/08|12:00
100066|1006|2020/04/06|12:00
100067|1007|2020/12/01|10:00
100068|1008|2021/08/31|12:00
100069|1009|2019/12/07|10:00
100070|1000|2021/03/22|16:00
100071|1001|2020/08/19|16:00
100072|1002|2021/11/11|12:00
100073|1003|2021/03/16|12:00
100074|1004|2020/11/16|10:00
100075|1005|2021/02/12|16:00
100076|1006|2021/08/03|14:00
100077|1007|2020/07/31|14:00
100078|1008|2021/09/16|12:00
100079|1009|2020/07/27|14:00
100080|1000|2021/04/19|12:00
100081|1001|2020/12/15|16:00
100082|1002|2021/01/13|16:00
100083|1003|2021/07/12|12:00
100084|1004|2021/03/24|14:00
100085|1005|2020/07/22|14:00
100086|1006|2021/03/05|12:00
100087|1007|2020/09/03|16:00
100088|1008|2021/10/31|16:00
100089|1009|2021/03/26|16:00
100090|1000|2020/06/30|10:00
100091|1001|2020/12/31|14:00
100092|1002|2020/12/21|14:00
100093|1003|2020/02/20|10:00
100094|1004|2019/12/08|16:00
100095|1005|2020/03/06|10:00
100096|1006|2021/03/09|16:00
100097|1007|2020/12/05|16:00
100098|1008|2021/01/13|14:00
100099|1009|2020/05/04|14:00
