application_id|passport_no|date_of_issue|place_of_issue|expiry_date
100000|36229651099|2011/01/03|Jurupa Valley|2029/09/02
100001|49844679599|2011/02/06|Jackson|2030/05/21
100002|62509486499|2011/08/06|Shreveport|2026/06/25
100003|85430373899|2011/07/08|Detroit|2027/08/20
100004|45428014499|2011/11/09|St. Louis[m]|2028/12/30
100005|51421269599|2013/10/09|Toledo|2030/09/11
100006|09213970599|2012/04/03|Rockford|2030/02/27
100007|77396975399|2012/02/26|Baltimore[m]|2028/02/05
100008|91472812799|2015/07/29|Baton Rouge[s]|2027/12/11
100009|84838101499|2014/06/19|Peoria|2028/09/16
100010|34923919499|2013/11/02|Cleveland|2027/06/02
100011|32904423799|2015/08/17|Montgomery|2027/07/10
100012|38222530299|2011/10/02|Waterbury|2028/06/11
100013|46549968899|2014/01/06|Buffalo|2026/05/02
100014|33981443699|2012/10/12|Rochester|2030/10/28
100015|29939742699|2012/05/09|Hartford|2026/04/04
100016|45320969499|2011/03/13|Syracuse|2030/04/11
100017|30332956599|2012/05/16|Pittsburgh|2027/11/27
100018|20347401299|2015/09/04|Springfield|2027/05/31
100019|72946255199|2011/09/01|Topeka|2029/07/23
100020|19458198199|2015/07/04|Jurupa Valley|2030/06/19
100021|31404875999|2010/11/19|Jackson|2025/12/26
100022|85949544299|2014/04/29|Shreveport|2026/03/05
100023|35379791999|2013/07/22|Detroit|2029/05/30
100024|23454668299|2011/12/27|St. Louis[m]|2029/11/26
100025|23685563999|2011/05/30|Toledo|2030/09/26
100026|39439207299|2012/08/01|Rockford|2029/07/25
100027|17200543399|2015/08/29|Baltimore[m]|2029/08/24
100028|04556692899|2015/09/29|Baton Rouge[s]|2026/01/29
100029|83690062699|2011/12/17|Peoria|2025/12/08
100030|28624647399|2014/06/16|Cleveland|2027/09/30
100031|45205552599|2011/12/26|Montgomery|2030/05/02
100032|96833867199|2013/02/18|Waterbury|2029/03/26
100033|61606133699|2012/04/05|Buffalo|2028/04/19
100034|37261514299|2015/01/25|Rochester|2029/07/30
100035|90567955499|2014/01/16|Hartford|2028/02/25
100036|48359628999|2012/08/26|Syracuse|2028/05/27
100037|65233019199|2014/05/28|Pittsburgh|2030/02/18
100038|05836320199|2012/10/16|Springfield|2026/04/08
100039|65485127599|2012/08/18|Topeka|2029/03/13
100040|25350406199|2012/11/14|Jurupa Valley|2030/05/01
100041|80961510299|2014/05/18|Jackson|2029/03/24
100042|18600248799|2015/07/03|Shreveport|2026/10/17
100043|83426567599|2012/09/23|Detroit|2027/05/25
100044|17913500399|2012/01/25|St. Louis[m]|2029/08/01
100045|94943495699|2013/03/04|Toledo|2029/08/06
100046|74408133999|2010/11/08|Rockford|2030/10/02
100047|87896648199|2015/09/19|Baltimore[m]|2029/01/28
100048|70241849899|2012/02/27|Baton Rouge[s]|2030/03/18
100049|21908699699|2013/09/11|Peoria|2030/01/12
100050|10603161499|2014/06/26|Cleveland|2029/02/16
100051|52477712799|2012/06/12|Montgomery|2027/04/25
100052|48654601899|2010/11/17|Waterbury|2026/02/17
100053|89622187099|2010/11/08|Buffalo|2027/03/21
100054|45234899699|2015/07/29|Rochester|2025/12/25
100055|35895974699|2013/04/17|Hartford|2029/02/28
100056|24650989499|2012/03/18|Syracuse|2028/12/24
100057|52666639899|2013/06/18|Pittsburgh|2026/05/28
100058|17258695099|2011/02/27|Springfield|2028/01/19
100059|64920587499|2013/10/25|Topeka|2025/12/01
100060|05724651799|2015/08/29|Jurupa Valley|2028/08/30
100061|42292756299|2012/09/15|Jackson|2029/05/13
100062|19732159399|2013/12/06|Shreveport|2029/07/04
100063|41462463299|2011/12/03|Detroit|2028/01/08
100064|81444065199|2011/06/20|St. Louis[m]|2030/08/11
100065|79230711699|2013/08/08|Toledo|2027/07/03
100066|99440151399|2013/09/23|Rockford|2028/03/27
100067|40925902299|2015/01/11|Baltimore[m]|2028/04/14
100068|50897378899|2014/03/25|Baton Rouge[s]|2027/01/20
100069|90392375799|2015/06/18|Peoria|2028/12/02
100070|98380577299|2013/09/23|Cleveland|2028/01/22
100071|30714996299|2014/09/10|Montgomery|2030/07/06
100072|45684850799|2014/02/24|Waterbury|2027/11/15
100073|25442239399|2012/10/04|Buffalo|2026/01/28
100074|53733159099|2012/03/02|Rochester|2027/09/04
100075|33617186499|2011/09/10|Hartford|2027/01/31
100076|03260156299|2012/12/18|Syracuse|2028/10/21
100077|57898110299|2012/08/17|Pittsburgh|2029/11/26
100078|53801959699|2011/03/22|Springfield|2027/02/09
100079|05971769499|2012/03/27|Topeka|2026/06/11
100080|92514885299|2015/05/10|Jurupa Valley|2030/03/06
100081|23465536899|2015/03/29|Jackson|2026/02/23
100082|43803314199|2015/09/09|Shreveport|2029/02/16
100083|80619539699|2013/12/10|Detroit|2026/11/29
100084|40606612399|2012/09/04|St. Louis[m]|2028/05/28
100085|30473995199|2011/07/12|Toledo|2028/02/05
100086|64543262299|2014/03/10|Rockford|2026/03/09
100087|33813123899|2012/10/11|Baltimore[m]|2030/09/12
100088|52209324699|2011/02/11|Baton Rouge[s]|2026/02/23
100089|48926603799|2012/08/27|Peoria|2026/04/29
100090|98794631599|2015/05/07|Cleveland|2029/03/19
100091|79786377099|2013/08/26|Montgomery|2028/06/20
100092|67597131699|2015/02/17|Waterbury|2029/10/05
100093|20933427699|2015/02/23|Buffalo|2026/07/29
100094|80875926499|2011/06/01|Rochester|2027/01/11
100095|43642769199|2015/04/21|Hartford|2029/02/15
100096|48824186699|2013/11/14|Syracuse|2030/10/04
100097|51716021799|2013/11/01|Pittsburgh|2030/08/08
100098|39643788699|2012/10/19|Springfield|2030/01/12
100099|83497870299|2012/04/12|Topeka|2030/08/20
